customer_id,name,phone
CUST-001,Customer_1,9096445289
CUST-002,Customer_2,9255522286
CUST-003,Customer_3,8808726222
CUST-004,Customer_4,8094595764
CUST-005,Customer_5,9145597926
CUST-006,Customer_6,6457589052
CUST-007,Customer_7,6838205860
CUST-008,Customer_8,6854116706
CUST-009,Customer_9,6684999546
CUST-010,Customer_10,8031571813
CUST-011,Customer_11,9792341050
CUST-012,Customer_12,7792720760
CUST-013,Customer_13,7283908683
CUST-014,Customer_14,7215418128
CUST-015,Customer_15,8964652081
CUST-016,Customer_16,6670773342
CUST-017,Customer_17,8017230822
CUST-018,Customer_18,7538933390
CUST-019,Customer_19,9504068700
CUST-020,Customer_20,9500307216
CUST-021,Customer_21,9245985331
CUST-022,Customer_22,8053445873
CUST-023,Customer_23,8602657606
CUST-024,Customer_24,7980169860
CUST-025,Customer_25,9867619414
CUST-026,Customer_26,8957065686
CUST-027,Customer_27,8703550842
CUST-028,Customer_28,6239245888
CUST-029,Customer_29,6307631939
CUST-030,Customer_30,6700218453
CUST-031,Customer_31,8823810849
CUST-032,Customer_32,8091596210
CUST-033,Customer_33,9150423107
CUST-034,Customer_34,7155698683
CUST-035,Customer_35,8660004229
CUST-036,Customer_36,8828756693
CUST-037,Customer_37,7863935413
CUST-038,Customer_38,6959147375
CUST-039,Customer_39,7481615270
CUST-040,Customer_40,6627386952
CUST-041,Customer_41,8357642685
CUST-042,Customer_42,7480025693
CUST-043,Customer_43,9263484427
CUST-044,Customer_44,7555197625
CUST-045,Customer_45,7319539600
CUST-046,Customer_46,9320498003
CUST-047,Customer_47,6965833806
CUST-048,Customer_48,6720971342
CUST-049,Customer_49,9602639466
CUST-050,Customer_50,9432221151
CUST-051,Customer_51,7626804710
CUST-052,Customer_52,7578479383
CUST-053,Customer_53,8330076075
CUST-054,Customer_54,6934090355
CUST-055,Customer_55,6411059997
CUST-056,Customer_56,8017146719
CUST-057,Customer_57,8085437491
CUST-058,Customer_58,6940575060
CUST-059,Customer_59,7671622557
CUST-060,Customer_60,7632365594
CUST-061,Customer_61,8068250545
CUST-062,Customer_62,9821239850
CUST-063,Customer_63,8708018027
CUST-064,Customer_64,7825730912
CUST-065,Customer_65,8160694458
CUST-066,Customer_66,8564972154
CUST-067,Customer_67,7247034611
CUST-068,Customer_68,8930593427
CUST-069,Customer_69,9199960233
CUST-070,Customer_70,6107734051
CUST-071,Customer_71,9524197192
CUST-072,Customer_72,8239562802
CUST-073,Customer_73,9602766965
CUST-074,Customer_74,7712711747
CUST-075,Customer_75,8587853772
CUST-076,Customer_76,7753579162
CUST-077,Customer_77,6802305554
CUST-078,Customer_78,9304303596
CUST-079,Customer_79,8647654164
CUST-080,Customer_80,8424007879
CUST-081,Customer_81,8081091514
CUST-082,Customer_82,8299538490
CUST-083,Customer_83,9912648071
CUST-084,Customer_84,7490315844
CUST-085,Customer_85,9732682975
CUST-086,Customer_86,6181275166
CUST-087,Customer_87,8080850329
CUST-088,Customer_88,7463242367
CUST-089,Customer_89,9261734458
CUST-090,Customer_90,8502399270
CUST-091,Customer_91,9098048044
CUST-092,Customer_92,8434656608
CUST-093,Customer_93,8834312998
CUST-094,Customer_94,9059550076
CUST-095,Customer_95,8464179372
CUST-096,Customer_96,9581812836
CUST-097,Customer_97,7045295702
CUST-098,Customer_98,9174157357
CUST-099,Customer_99,6103764167
CUST-100,Customer_100,7589178975
CUST-101,Customer_101,8035188514
CUST-102,Customer_102,9151997044
CUST-103,Customer_103,6050111701
CUST-104,Customer_104,7182893154
CUST-105,Customer_105,7629409971
CUST-106,Customer_106,9073708852
CUST-107,Customer_107,6295386736
CUST-108,Customer_108,7563471847
CUST-109,Customer_109,7913200730
CUST-110,Customer_110,8706165864
CUST-111,Customer_111,9330842935
CUST-112,Customer_112,7903669257
CUST-113,Customer_113,8137913464
CUST-114,Customer_114,6612489578
CUST-115,Customer_115,6327471640
CUST-116,Customer_116,9645676094
CUST-117,Customer_117,6899141559
CUST-118,Customer_118,7427688605
CUST-119,Customer_119,7068896240
CUST-120,Customer_120,7715586521
CUST-121,Customer_121,8299919458
CUST-122,Customer_122,9237655774
CUST-123,Customer_123,7966941234
CUST-124,Customer_124,6541643408
CUST-125,Customer_125,9728744981
CUST-126,Customer_126,9913879168
CUST-127,Customer_127,8285856775
CUST-128,Customer_128,9196903761
CUST-129,Customer_129,8425508744
CUST-130,Customer_130,9279058474
CUST-131,Customer_131,8239843770
CUST-132,Customer_132,6268897953
CUST-133,Customer_133,8865712843
CUST-134,Customer_134,6758444293
CUST-135,Customer_135,7980411467
CUST-136,Customer_136,8529730256
CUST-137,Customer_137,6165137288
CUST-138,Customer_138,7753139224
CUST-139,Customer_139,7767610940
CUST-140,Customer_140,8398854078
CUST-141,Customer_141,8020241705
CUST-142,Customer_142,9943212962
CUST-143,Customer_143,9694811133
CUST-144,Customer_144,9868084913
CUST-145,Customer_145,8217675462
CUST-146,Customer_146,8088327447
CUST-147,Customer_147,9035034979
CUST-148,Customer_148,8157876882
CUST-149,Customer_149,7977542751
CUST-150,Customer_150,9626705590
CUST-151,Customer_151,8876459891
CUST-152,Customer_152,9286725062
CUST-153,Customer_153,9261362076
CUST-154,Customer_154,6550463550
CUST-155,Customer_155,6161990894
CUST-156,Customer_156,8998754519
CUST-157,Customer_157,7018303954
CUST-158,Customer_158,6792373870
CUST-159,Customer_159,6716435565
CUST-160,Customer_160,8243450421
CUST-161,Customer_161,6266702527
CUST-162,Customer_162,9916659067
CUST-163,Customer_163,8955327879
CUST-164,Customer_164,8439408852
CUST-165,Customer_165,7897900022
CUST-166,Customer_166,8744858808
CUST-167,Customer_167,8897485535
CUST-168,Customer_168,9078013409
CUST-169,Customer_169,8093751730
CUST-170,Customer_170,9345067654
CUST-171,Customer_171,9169126652
CUST-172,Customer_172,8659737837
CUST-173,Customer_173,9564799967
CUST-174,Customer_174,7160823192
CUST-175,Customer_175,6313201254
CUST-176,Customer_176,8567559176
CUST-177,Customer_177,6548849654
CUST-178,Customer_178,9711445692
CUST-179,Customer_179,9120767886
CUST-180,Customer_180,9843345541
CUST-181,Customer_181,8897919962
CUST-182,Customer_182,7926433453
CUST-183,Customer_183,7170651237
CUST-184,Customer_184,8565494079
CUST-185,Customer_185,6840326151
CUST-186,Customer_186,7191603634
CUST-187,Customer_187,8110150796
CUST-188,Customer_188,7053467634
CUST-189,Customer_189,6485709805
CUST-190,Customer_190,7756990468
CUST-191,Customer_191,9040271269
CUST-192,Customer_192,6724416297
CUST-193,Customer_193,6992338891
CUST-194,Customer_194,6068868745
CUST-195,Customer_195,7379082464
CUST-196,Customer_196,6171928585
CUST-197,Customer_197,6308046224
CUST-198,Customer_198,9921591811
CUST-199,Customer_199,9956473108
CUST-200,Customer_200,9325058129
CUST-201,Customer_201,7554832768
CUST-202,Customer_202,6466047517
CUST-203,Customer_203,9638509453
CUST-204,Customer_204,9396466162
CUST-205,Customer_205,6074800301
CUST-206,Customer_206,9068455682
CUST-207,Customer_207,9575363985
CUST-208,Customer_208,6260117491
CUST-209,Customer_209,8786373891
CUST-210,Customer_210,9221458428
CUST-211,Customer_211,7671574019
CUST-212,Customer_212,9749600299
CUST-213,Customer_213,6929422866
CUST-214,Customer_214,8170124984
CUST-215,Customer_215,7651971808
CUST-216,Customer_216,9110969347
CUST-217,Customer_217,6243357914
CUST-218,Customer_218,7913564552
CUST-219,Customer_219,6335708013
CUST-220,Customer_220,7219415547
CUST-221,Customer_221,7246261925
CUST-222,Customer_222,9906646657
CUST-223,Customer_223,8367282006
CUST-224,Customer_224,8933340194
CUST-225,Customer_225,7961980730
CUST-226,Customer_226,8972948196
CUST-227,Customer_227,8992540300
CUST-228,Customer_228,8099970027
CUST-229,Customer_229,8917186881
CUST-230,Customer_230,6092811380
CUST-231,Customer_231,8044684305
CUST-232,Customer_232,8542136800
CUST-233,Customer_233,9950134454
CUST-234,Customer_234,7663620019
CUST-235,Customer_235,7101852443
CUST-236,Customer_236,6246541223
CUST-237,Customer_237,6471257597
CUST-238,Customer_238,7273581647
CUST-239,Customer_239,8471672290
CUST-240,Customer_240,8180266916
CUST-241,Customer_241,7611978442
CUST-242,Customer_242,8511221071
CUST-243,Customer_243,8320440668
CUST-244,Customer_244,6218159960
CUST-245,Customer_245,8016796918
CUST-246,Customer_246,8576740597
CUST-247,Customer_247,8315406271
CUST-248,Customer_248,9476336118
CUST-249,Customer_249,6463084901
CUST-250,Customer_250,8336370078
CUST-251,Customer_251,6753599451
CUST-252,Customer_252,9157848535
CUST-253,Customer_253,9036143177
CUST-254,Customer_254,7094908092
CUST-255,Customer_255,8892473831
CUST-256,Customer_256,7428890476
CUST-257,Customer_257,8290838242
CUST-258,Customer_258,9439577812
CUST-259,Customer_259,8234866698
CUST-260,Customer_260,6694874175
CUST-261,Customer_261,9806830536
CUST-262,Customer_262,8924473723
CUST-263,Customer_263,8218606916
CUST-264,Customer_264,7445011252
CUST-265,Customer_265,8317130155
CUST-266,Customer_266,8830725269
CUST-267,Customer_267,6591819069
CUST-268,Customer_268,6759854834
CUST-269,Customer_269,7632122524
CUST-270,Customer_270,8447718070
CUST-271,Customer_271,6147421187
CUST-272,Customer_272,8874289651
CUST-273,Customer_273,8951296840
CUST-274,Customer_274,7650342873
CUST-275,Customer_275,9758843134
CUST-276,Customer_276,8969201923
CUST-277,Customer_277,6392241864
CUST-278,Customer_278,9371052730
CUST-279,Customer_279,8250108795
CUST-280,Customer_280,9241261781
CUST-281,Customer_281,9923554611
CUST-282,Customer_282,9288664746
CUST-283,Customer_283,8629263574
CUST-284,Customer_284,6069455691
CUST-285,Customer_285,6959117834
CUST-286,Customer_286,8704972736
CUST-287,Customer_287,8147102248
CUST-288,Customer_288,8594414278
CUST-289,Customer_289,6965806609
CUST-290,Customer_290,7533375218
CUST-291,Customer_291,6434956893
CUST-292,Customer_292,8676411538
CUST-293,Customer_293,9493544976
CUST-294,Customer_294,9869846225
CUST-295,Customer_295,6735263483
CUST-296,Customer_296,8100330027
CUST-297,Customer_297,8888237814
CUST-298,Customer_298,8473364291
CUST-299,Customer_299,8365725214
CUST-300,Customer_300,9752662456
CUST-301,hARSHA,5124616412
