product_id,name,category,price,quantity
PRD001,Foundation 292,Beauty,259.73,85
PRD002,Laptop 764,Electronics,463.55,75
PRD003,Headphones 764,Electronics,485.05,89
PRD004,Mystery 912,Books,24.44,78
PRD005,Novel 166,Books,375.03,60
PRD006,Foundation 994,Beauty,52.90,61
PRD007,Smartwatch 569,Electronics,218.61,23
PRD008,Novel 527,Books,388.70,39
PRD009,Lego Set 408,Toys,281.99,45
PRD010,Sweater 500,Clothing,49.18,71
PRD011,Dumbbells 568,Sports,105.06,37
PRD012,Action Figure 759,Toys,224.65,1
PRD013,Microwave 107,Home & Kitchen,5.72,68
PRD014,Perfume 880,Beauty,389.67,47
PRD015,Microwave 221,Home & Kitchen,293.27,93
PRD016,Headphones 762,Electronics,24.89,6
PRD017,Smartphone 515,Electronics,69.74,17
PRD018,Novel 835,Books,91.88,12
PRD019,Science Fiction 275,Books,169.38,71
PRD020,Foundation 800,Beauty,128.15,16
PRD021,Sweater 124,Clothing,187.56,45
PRD022,Science Fiction 697,Books,84.68,59
PRD023,Lipstick 747,Beauty,238.72,7
PRD024,Novel 805,Books,175.24,66
PRD025,Lipstick 221,Beauty,178.27,99
PRD026,Basketball 681,Sports,79.32,25
PRD027,Biography 722,Books,464.06,48
PRD028,Lego Set 495,Toys,308.71,93
PRD029,Dress 344,Clothing,392.49,63
PRD030,Jacket 158,Clothing,465.57,89
PRD031,Sweater 845,Clothing,467.29,53
PRD032,Headphones 167,Electronics,423.78,54
PRD033,Lego Set 935,Toys,63.95,98
PRD034,Headphones 494,Electronics,77.29,69
PRD035,Action Figure 307,Toys,216.35,9
PRD036,Smartwatch 451,Electronics,195.95,81
PRD037,Toaster 952,Home & Kitchen,197.11,88
PRD038,Eyeliner 749,Beauty,480.05,22
PRD039,Action Figure 968,Toys,160.62,37
PRD040,Cookware Set 269,Home & Kitchen,155.29,84
PRD041,Headphones 951,Electronics,297.37,20
PRD042,Doll 549,Toys,496.39,46
PRD043,Vacuum Cleaner 384,Home & Kitchen,411.79,33
PRD044,Smartwatch 570,Electronics,448.04,78
PRD045,Laptop 681,Electronics,471.93,69
PRD046,Mystery 712,Books,431.13,17
PRD047,Foundation 839,Beauty,273.78,85
PRD048,Blender 711,Home & Kitchen,286.09,75
PRD049,Doll 945,Toys,23.78,70
PRD050,Headphones 937,Electronics,210.87,66
PRD051,Cookware Set 420,Home & Kitchen,241.15,95
PRD052,Lego Set 932,Toys,17.66,64
PRD053,T-Shirt 152,Clothing,349.44,97
PRD054,Yoga Mat 847,Sports,46.50,3
PRD055,Moisturizer 485,Beauty,139.94,6
PRD056,Lego Set 454,Toys,212.33,13
PRD057,Moisturizer 808,Beauty,129.40,61
PRD058,Football 281,Sports,46.29,38
PRD059,Headphones 481,Electronics,165.41,85
PRD060,Yoga Mat 548,Sports,233.48,18
PRD061,Dress 314,Clothing,314.04,33
PRD062,Laptop 645,Electronics,156.65,82
PRD063,Jeans 986,Clothing,92.63,53
PRD064,Laptop 558,Electronics,138.33,86
PRD065,Lego Set 752,Toys,268.92,98
PRD066,Doll 419,Toys,78.80,97
PRD067,Non-fiction 696,Books,487.05,18
PRD068,Lipstick 687,Beauty,339.66,61
PRD069,Lego Set 715,Toys,338.44,74
PRD070,Doll 951,Toys,431.32,25
PRD071,Microwave 992,Home & Kitchen,337.30,59
PRD072,Perfume 755,Beauty,298.17,11
PRD073,Laptop 464,Electronics,47.10,29
PRD074,Headphones 173,Electronics,353.03,1
PRD075,Science Fiction 623,Books,393.23,48
PRD076,Camera 115,Electronics,326.64,8
PRD077,Tennis Racket 787,Sports,286.38,53
PRD078,Football 132,Sports,409.45,92
PRD079,Action Figure 408,Toys,188.28,51
PRD080,Mystery 860,Books,373.14,12
PRD081,Science Fiction 934,Books,91.21,56
PRD082,Foundation 211,Beauty,332.16,25
PRD083,Jacket 497,Clothing,249.87,23
PRD084,Jeans 364,Clothing,140.82,35
PRD085,Basketball 724,Sports,158.92,78
PRD086,Laptop 652,Electronics,53.58,76
PRD087,Lipstick 303,Beauty,325.64,3
PRD088,Novel 919,Books,8.84,34
PRD089,Basketball 665,Sports,414.49,3
PRD090,Microwave 114,Home & Kitchen,448.13,89
PRD091,Headphones 234,Electronics,177.66,38
PRD092,Smartphone 492,Electronics,78.60,37
PRD093,Laptop 246,Electronics,404.21,74
PRD094,Puzzle 918,Toys,234.63,77
PRD095,Headphones 331,Electronics,222.38,3
PRD096,Sweater 742,Clothing,248.47,75
PRD097,Laptop 952,Electronics,368.60,1
PRD098,Camera 994,Electronics,170.02,94
PRD099,Cookware Set 621,Home & Kitchen,128.50,54
PRD100,Moisturizer 442,Beauty,276.79,46
PRD101,Basketball 313,Sports,71.02,44
PRD102,Jeans 700,Clothing,366.18,66
PRD103,Biography 631,Books,478.87,70
PRD104,Dress 757,Clothing,450.76,51
PRD105,Sweater 485,Clothing,253.65,57
PRD106,Dumbbells 564,Sports,194.35,77
PRD107,Microwave 113,Home & Kitchen,106.59,8
PRD108,Lego Set 880,Toys,215.73,90
PRD109,Camera 833,Electronics,358.16,80
PRD110,Basketball 288,Sports,421.20,100
PRD111,Tennis Racket 997,Sports,264.69,33
PRD112,Puzzle 241,Toys,48.09,92
PRD113,Mystery 437,Books,181.87,23
PRD114,Sweater 294,Clothing,416.96,87
PRD115,Toaster 497,Home & Kitchen,169.99,28
PRD116,Board Game 323,Toys,147.24,83
PRD117,Perfume 885,Beauty,491.72,12
PRD118,Headphones 415,Electronics,463.49,87
PRD119,Football 966,Sports,299.33,9
PRD120,Biography 416,Books,280.86,12
PRD121,Camera 739,Electronics,404.80,70
PRD122,Camera 643,Electronics,41.38,96
PRD123,Smartwatch 447,Electronics,263.31,98
PRD124,Laptop 197,Electronics,159.71,85
PRD125,Mystery 134,Books,146.61,65
PRD126,Cookware Set 921,Home & Kitchen,323.84,28
PRD127,Tennis Racket 668,Sports,391.17,74
PRD128,Science Fiction 780,Books,253.94,35
PRD129,Camera 761,Electronics,270.66,19
PRD130,Foundation 547,Beauty,490.43,53
PRD131,Eyeliner 385,Beauty,366.41,7
PRD132,Toaster 934,Home & Kitchen,186.27,75
PRD133,Non-fiction 976,Books,417.13,76
PRD134,T-Shirt 413,Clothing,278.75,7
PRD135,Microwave 143,Home & Kitchen,288.37,21
PRD136,Microwave 366,Home & Kitchen,123.65,87
PRD137,Eyeliner 122,Beauty,435.73,53
PRD138,Foundation 666,Beauty,61.12,100
PRD139,Headphones 732,Electronics,217.49,26
PRD140,Yoga Mat 683,Sports,347.90,10
PRD141,Non-fiction 276,Books,318.75,41
PRD142,Moisturizer 938,Beauty,152.38,9
PRD143,Microwave 856,Home & Kitchen,455.20,66
PRD144,Non-fiction 148,Books,285.55,53
PRD145,Camera 207,Electronics,167.98,36
PRD146,Blender 980,Home & Kitchen,327.03,86
PRD147,Dumbbells 811,Sports,336.23,74
PRD148,Moisturizer 847,Beauty,45.38,29
PRD149,Toaster 149,Home & Kitchen,278.14,28
PRD150,Microwave 329,Home & Kitchen,344.81,39
PRD151,Yoga Mat 565,Sports,423.05,67
PRD152,T-Shirt 644,Clothing,310.18,52
PRD153,Toaster 381,Home & Kitchen,332.51,65
PRD154,Novel 978,Books,436.26,36
PRD155,Tennis Racket 160,Sports,40.05,79
PRD156,Toaster 146,Home & Kitchen,352.05,33
PRD157,Sweater 649,Clothing,460.26,91
PRD158,Jacket 210,Clothing,200.42,67
PRD159,Perfume 699,Beauty,234.12,27
PRD160,Board Game 649,Toys,103.87,36
PRD161,Camera 474,Electronics,98.54,86
PRD162,Action Figure 344,Toys,459.44,62
PRD163,Toaster 326,Home & Kitchen,411.16,44
PRD164,Cookware Set 568,Home & Kitchen,346.23,18
PRD165,Headphones 639,Electronics,352.18,14
PRD166,Cookware Set 690,Home & Kitchen,187.44,95
PRD167,Headphones 132,Electronics,389.88,92
PRD168,Non-fiction 941,Books,48.62,100
PRD169,Microwave 457,Home & Kitchen,438.03,41
PRD170,Football 221,Sports,338.66,78
PRD171,Lego Set 372,Toys,57.12,3
PRD172,Microwave 312,Home & Kitchen,355.82,65
PRD173,Tennis Racket 368,Sports,285.42,47
PRD174,Jeans 763,Clothing,290.16,84
PRD175,Eyeliner 154,Beauty,365.57,81
PRD176,Football 586,Sports,39.21,41
PRD177,Blender 613,Home & Kitchen,101.68,53
PRD178,Smartphone 715,Electronics,173.68,79
PRD179,Vacuum Cleaner 927,Home & Kitchen,214.63,61
PRD180,T-Shirt 479,Clothing,355.88,84
PRD181,Lego Set 363,Toys,214.64,51
PRD182,Dumbbells 783,Sports,6.48,3
PRD183,Camera 137,Electronics,243.07,47
PRD184,Basketball 251,Sports,41.24,31
PRD185,Moisturizer 897,Beauty,203.64,37
PRD186,Smartwatch 275,Electronics,68.75,35
PRD187,Biography 870,Books,342.96,33
PRD188,Smartphone 397,Electronics,394.58,9
PRD189,Non-fiction 351,Books,425.18,85
PRD190,Novel 709,Books,387.34,4
PRD191,Dress 574,Clothing,407.94,42
PRD192,Lipstick 996,Beauty,489.08,60
PRD193,Microwave 804,Home & Kitchen,34.16,16
PRD194,T-Shirt 807,Clothing,165.85,64
PRD195,Moisturizer 135,Beauty,205.35,69
PRD196,Basketball 634,Sports,245.79,17
PRD197,Dress 187,Clothing,474.97,63
PRD198,Sweater 443,Clothing,292.73,20
PRD199,Lego Set 432,Toys,8.14,88
PRD200,Perfume 291,Beauty,483.12,51
PRD201,Camera 592,Electronics,354.45,77
PRD202,Dress 275,Clothing,106.76,26
PRD203,Science Fiction 719,Books,66.87,16
PRD204,Action Figure 332,Toys,157.14,38
PRD205,Jeans 184,Clothing,432.98,34
PRD206,Smartwatch 240,Electronics,65.12,21
PRD207,Football 920,Sports,449.42,70
PRD208,Mystery 515,Books,99.56,10
PRD209,Jacket 863,Clothing,229.31,31
PRD210,Sweater 169,Clothing,50.34,19
PRD211,Jeans 289,Clothing,315.28,87
PRD212,Smartwatch 384,Electronics,85.35,55
PRD213,Action Figure 610,Toys,54.53,54
PRD214,Perfume 317,Beauty,488.63,85
PRD215,Jeans 224,Clothing,357.30,18
PRD216,Sweater 828,Clothing,259.52,40
PRD217,Moisturizer 534,Beauty,486.90,35
PRD218,Science Fiction 499,Books,303.36,36
PRD219,Non-fiction 223,Books,225.34,81
PRD220,Board Game 286,Toys,331.28,53
PRD221,Smartwatch 416,Electronics,167.85,80
PRD222,Jeans 540,Clothing,340.06,90
PRD223,Doll 255,Toys,239.96,69
PRD224,Camera 256,Electronics,244.20,82
PRD225,Toaster 607,Home & Kitchen,31.12,60
PRD226,Microwave 396,Home & Kitchen,388.67,97
PRD227,Cookware Set 208,Home & Kitchen,399.35,95
PRD228,Camera 507,Electronics,267.80,47
PRD229,Eyeliner 278,Beauty,395.00,8
PRD230,Basketball 334,Sports,41.74,34
PRD231,Lego Set 401,Toys,222.97,48
PRD232,Moisturizer 440,Beauty,330.73,63
PRD233,Tennis Racket 728,Sports,121.75,15
PRD234,Basketball 111,Sports,197.85,4
PRD235,Lipstick 730,Beauty,485.45,61
PRD236,Camera 332,Electronics,301.26,53
PRD237,Cookware Set 360,Home & Kitchen,143.88,6
PRD238,Camera 505,Electronics,11.54,51
PRD239,Blender 839,Home & Kitchen,346.76,93
PRD240,Puzzle 305,Toys,111.85,30
PRD241,Camera 525,Electronics,354.25,63
PRD242,Vacuum Cleaner 662,Home & Kitchen,258.16,52
PRD243,Jeans 129,Clothing,111.32,76
PRD244,Dumbbells 560,Sports,243.29,80
PRD245,Board Game 266,Toys,89.09,25
PRD246,Action Figure 255,Toys,440.05,19
PRD247,Toaster 641,Home & Kitchen,277.56,67
PRD248,Doll 915,Toys,104.13,38
PRD249,Biography 219,Books,466.58,43
PRD250,Doll 755,Toys,237.11,81
PRD251,Headphones 616,Electronics,491.98,88
PRD252,Tennis Racket 759,Sports,264.38,67
PRD253,Moisturizer 127,Beauty,335.52,16
PRD254,Novel 324,Books,342.74,88
PRD255,Jacket 906,Clothing,349.03,94
PRD256,Yoga Mat 577,Sports,102.10,14
PRD257,Perfume 468,Beauty,35.41,5
PRD258,Jacket 908,Clothing,299.10,69
PRD259,Microwave 637,Home & Kitchen,309.26,84
PRD260,Tennis Racket 283,Sports,40.31,86
PRD261,Cookware Set 806,Home & Kitchen,64.84,99
PRD262,Toaster 539,Home & Kitchen,279.06,94
PRD263,T-Shirt 530,Clothing,261.52,14
PRD264,Dumbbells 304,Sports,235.33,31
PRD265,Biography 496,Books,353.89,30
PRD266,Jeans 633,Clothing,93.35,21
PRD267,Basketball 817,Sports,157.90,68
PRD268,Jeans 318,Clothing,187.35,90
PRD269,Foundation 121,Beauty,340.32,40
PRD270,Lego Set 652,Toys,205.68,73
PRD271,Dumbbells 264,Sports,319.25,59
PRD272,Dress 671,Clothing,417.52,21
PRD273,Novel 639,Books,89.36,84
PRD274,Headphones 152,Electronics,40.11,65
PRD275,Microwave 730,Home & Kitchen,296.80,96
PRD276,Mystery 440,Books,329.33,91
PRD277,Doll 790,Toys,20.64,35
PRD278,Tennis Racket 660,Sports,97.77,98
PRD279,Action Figure 733,Toys,346.76,70
PRD280,Smartphone 338,Electronics,105.70,64
PRD281,Puzzle 335,Toys,122.16,8
PRD282,Lipstick 632,Beauty,257.78,39
PRD283,Vacuum Cleaner 904,Home & Kitchen,452.66,24
PRD284,Toaster 600,Home & Kitchen,188.16,72
PRD285,Perfume 720,Beauty,282.61,11
PRD286,Jacket 522,Clothing,77.56,18
PRD287,Dumbbells 184,Sports,183.31,54
PRD288,Blender 726,Home & Kitchen,484.15,51
PRD289,Tennis Racket 821,Sports,154.74,41
PRD290,Headphones 959,Electronics,471.16,41
PRD291,Football 255,Sports,302.36,10
PRD292,Microwave 804,Home & Kitchen,443.64,82
PRD293,Camera 610,Electronics,219.63,61
PRD294,Doll 820,Toys,187.11,12
PRD295,Moisturizer 253,Beauty,138.93,79
PRD296,Yoga Mat 506,Sports,109.84,74
PRD297,Toaster 155,Home & Kitchen,125.44,21
PRD298,Vacuum Cleaner 538,Home & Kitchen,280.65,89
PRD299,Tennis Racket 906,Sports,303.57,37
PRD300,T-Shirt 688,Clothing,395.86,71
PRD301,POCO M2,Mobile,15999.00,43
PRD302,Ear Buds POCO,Electrical Wire,1299.00,54
